Model,XMBRT,HZMetro,BJMetro
,MAE ,RMSE ,MAPE % ,MAE ,RMSE ,MAPE % ,MAE ,RMSE ,MAPE % 
LSTM,9.5493,16.6744,73.0128,17.9984,33.0130,49.1035,56.9060,118.9886,104.0693
ASTGCN-r,6.3872,10.1422,48.6478,14.1225,24.0469,38.8467,42.1822,76.0243,91.0918
Graph WaveNet,5.3991,8.6264,39.8716,11.4999,19.6906,26.7891,22.7451,39.9612,32.7342
STSGCN-L,8.1098,13.5124,65.4705,16.2827,27.8439,49.3322,42.3530,81.3441,80.8621
StemGNN,6.4394,10.3577,47.7375,13.3843,22.8165,33.1305,36.9792,64.7681,59.2300
SyncG4,8.3372,13.8208,70.2900,16.2646,27.7942,48.6783,43.9574,85.9437,90.1461
ASTGNN,6.0298,10.1834,45.5249,11.6539,20.4429,29.0782,27.2222,58.0832,39.2280
CWT-TSI,5.3655,8.7420,35.7134,10.7773,17.8396,24.2127,16.8717,29.8812,18.6053
Improve (%),0.6,*,10.4,6.3,9.4,9.6,25.8,25.2,43.2
