dataset,model,mae,rmse,mape
XMBRT,w/o Image,5.4050,8.7892,36.5203
XMBRT,w/o TS,5.3821,8.7475,36.3389
XMBRT,w/o Learnable Fusion,5.3980,8.8604,36.6204
XMBRT,CWT-TSI,5.3655,8.7420,35.7134
HZMetro,w/o Image,10.805227678405197,17.915663977589734,24.18627607338493
HZMetro,w/o TS,13.541411442839337,24.363999989221576,26.309861483531293
HZMetro,w/o Learnable Fusion,10.837217981942466,18.038049461370907,24.628565245791943
HZMetro,CWT-TSI,10.77734005007319,17.839604696770106,24.21267896060173
BJMetro,w/o Image,16.8600,29.9600,18.3411
BJMetro,w/o TS,21.8774,43.3940,21.9914
BJMetro,w/o Learnable Fusion,17.1449,30.4105,18.8424
BJMetro,CWT-TSI,16.8717,29.8812,18.6053
