variant,"XMBRT
MAE","XMBRT
RMSE","XMBRT
MAPE (%)","HZMetro
MAE","HZMetro
RMSE","HZMetro
MAPE (%)","BJMetro
MAE","BJMetro
RMSE","BJMetro
MAPE (%)"
No-Img,0.736184884912875,0.5399222145961833,2.2593760325256036,0.2587617000339103,0.42635070738646214,-0.1090457080761657,-0.06934689450382092,0.26371096207649325,-1.4200254766114973
No-TS,0.3093840275836435,0.06291466483641747,1.7514434357972144,25.647064859453657,36.57253287474875,8.66150551263678,29.66920938613181,45.22174477597954,18.199652787109045
No-Fuse,0.6057217407510904,1.354381148478602,2.539662983641984,0.5555910047476753,1.1123831944366431,1.7176384565579663,1.6192796220890557,1.771347870902103,1.2743680564140414
