dataset,model,mae,rmse,mape,best_epoch,run,source
XMBRT,LSTM,9.5493,16.6744,73.0128,90,comparison_xmbrt_lstm,save\comparison_xmbrt_lstm\metrics.json
XMBRT,ASTGCN-r,6.3872,10.1422,48.6478,93,comparison_xmbrt_astgcn_r,save\comparison_xmbrt_astgcn_r\metrics.json
XMBRT,GraphWaveNet,5.3991,8.6264,39.8716,92,comparison_xmbrt_graphwavenet,save\comparison_xmbrt_graphwavenet\metrics.json
XMBRT,STSGCN-L,8.1098,13.5124,65.4705,93,comparison_xmbrt_stsgcn,save\comparison_xmbrt_stsgcn\metrics.json
XMBRT,StemGNN,6.4394,10.3577,47.7375,92,comparison_xmbrt_stemgnn,save\comparison_xmbrt_stemgnn\metrics.json
XMBRT,SyncG4,8.3372,13.8208,70.29,92,comparison_xmbrt_stfgnn,save\comparison_xmbrt_stfgnn\metrics.json
XMBRT,ASTGNN,6.0298,10.1834,45.5249,92,comparison_xmbrt_astgnn_official_20260930r2,save/comparison_xmbrt_astgnn_official_20260930r2/test_predict.npy
XMBRT,CWT-TSI,5.3655,8.742,35.7134,8,xmbrt_full,save\xmbrt_full\metrics.json
HZMetro,LSTM,17.9984,33.013,49.1035,89,comparison_hzmetro_lstm,save\comparison_hzmetro_lstm\metrics.json
HZMetro,ASTGCN-r,14.1225,24.0469,38.8467,94,comparison_hzmetro_astgcn_r,save\comparison_hzmetro_astgcn_r\metrics.json
HZMetro,GraphWaveNet,11.4999,19.6906,26.7891,91,comparison_hzmetro_graphwavenet,save\comparison_hzmetro_graphwavenet\metrics.json
HZMetro,STSGCN-L,16.2827,27.8439,49.3322,95,comparison_hzmetro_stsgcn,save\comparison_hzmetro_stsgcn\metrics.json
HZMetro,StemGNN,13.3843,22.8165,33.1305,94,comparison_hzmetro_stemgnn,save\comparison_hzmetro_stemgnn\metrics.json
HZMetro,SyncG4,16.2646,27.7942,48.6783,87,comparison_hzmetro_stfgnn,save\comparison_hzmetro_stfgnn\metrics.json
HZMetro,ASTGNN,11.6539,20.4429,29.0782,92,comparison_hzmetro_astgnn_official_20260930r2,save/comparison_hzmetro_astgnn_official_20260930r2/test_predict.npy
HZMetro,CWT-TSI,10.77734005007319,17.839604696770106,24.21267896060173,10,hzmetro_full,save\hzmetro_full\metrics.json
BJMetro,LSTM,56.906,118.9886,104.0693,92,comparison_bjmetro_lstm,save\comparison_bjmetro_lstm\metrics.json
BJMetro,ASTGCN-r,42.1822,76.0243,91.0918,89,comparison_bjmetro_astgcn_r,save\comparison_bjmetro_astgcn_r\metrics.json
BJMetro,GraphWaveNet,22.7451,39.9612,32.7342,93,comparison_bjmetro_graphwavenet,save\comparison_bjmetro_graphwavenet\metrics.json
BJMetro,STSGCN-L,42.353,81.3441,80.8621,100,comparison_bjmetro_stsgcn,save\comparison_bjmetro_stsgcn\metrics.json
BJMetro,StemGNN,36.9792,64.7681,59.23,75,comparison_bjmetro_stemgnn,save\comparison_bjmetro_stemgnn\metrics.json
BJMetro,SyncG4,43.9574,85.9437,90.1461,92,comparison_bjmetro_stfgnn,save\comparison_bjmetro_stfgnn\metrics.json
BJMetro,ASTGNN,27.2222,58.0832,39.2280,95,comparison_bjmetro_astgnn_official_20260930r2,save/comparison_bjmetro_astgnn_official_20260930r2/test_predict.npy
BJMetro,CWT-TSI,16.8717,29.8812,18.6053,51,bjmetro_full,save\bjmetro_full\metrics.json
