dataset,metric,best_comparator,best_error,cwt_error,improve_pct,cwt_rank
XMBRT,mae,GraphWaveNet,5.3991,5.3655,0.622325943212755,1
XMBRT,rmse,GraphWaveNet,8.6264,8.742,-1.3400723360845845,2
XMBRT,mape,GraphWaveNet,39.8716,35.7134,10.428977016222074,1
HZMetro,mae,GraphWaveNet,11.4999,10.77734005007319,6.283184635751699,1
HZMetro,rmse,GraphWaveNet,19.6906,17.839604696770106,9.400400715213827,1
HZMetro,mape,GraphWaveNet,26.7891,24.21267896060173,9.617422904831715,1
BJMetro,mae,GraphWaveNet,22.7451,16.8717,25.822704670456492,1
BJMetro,rmse,GraphWaveNet,39.9612,29.8812,25.22446773370169,1
BJMetro,mape,GraphWaveNet,32.7342,18.6053,43.16250282579077,1
