dataset,metric,model,rank
XMBRT,mae,LSTM,8
XMBRT,mae,ASTGCN-r,4
XMBRT,mae,GraphWaveNet,2
XMBRT,mae,STSGCN-L,6
XMBRT,mae,StemGNN,5
XMBRT,mae,SyncG4,7
XMBRT,mae,ASTGNN,3
XMBRT,mae,CWT-TSI,1
XMBRT,rmse,LSTM,8
XMBRT,rmse,ASTGCN-r,3
XMBRT,rmse,GraphWaveNet,1
XMBRT,rmse,STSGCN-L,6
XMBRT,rmse,StemGNN,5
XMBRT,rmse,SyncG4,7
XMBRT,rmse,ASTGNN,4
XMBRT,rmse,CWT-TSI,2
XMBRT,mape,LSTM,8
XMBRT,mape,ASTGCN-r,5
XMBRT,mape,GraphWaveNet,2
XMBRT,mape,STSGCN-L,6
XMBRT,mape,StemGNN,4
XMBRT,mape,SyncG4,7
XMBRT,mape,ASTGNN,3
XMBRT,mape,CWT-TSI,1
HZMetro,mae,LSTM,8
HZMetro,mae,ASTGCN-r,5
HZMetro,mae,GraphWaveNet,2
HZMetro,mae,STSGCN-L,7
HZMetro,mae,StemGNN,4
HZMetro,mae,SyncG4,6
HZMetro,mae,ASTGNN,3
HZMetro,mae,CWT-TSI,1
HZMetro,rmse,LSTM,8
HZMetro,rmse,ASTGCN-r,5
HZMetro,rmse,GraphWaveNet,2
HZMetro,rmse,STSGCN-L,7
HZMetro,rmse,StemGNN,4
HZMetro,rmse,SyncG4,6
HZMetro,rmse,ASTGNN,3
HZMetro,rmse,CWT-TSI,1
HZMetro,mape,LSTM,7
HZMetro,mape,ASTGCN-r,5
HZMetro,mape,GraphWaveNet,2
HZMetro,mape,STSGCN-L,8
HZMetro,mape,StemGNN,4
HZMetro,mape,SyncG4,6
HZMetro,mape,ASTGNN,3
HZMetro,mape,CWT-TSI,1
BJMetro,mae,LSTM,8
BJMetro,mae,ASTGCN-r,5
BJMetro,mae,GraphWaveNet,2
BJMetro,mae,STSGCN-L,6
BJMetro,mae,StemGNN,4
BJMetro,mae,SyncG4,7
BJMetro,mae,ASTGNN,3
BJMetro,mae,CWT-TSI,1
BJMetro,rmse,LSTM,8
BJMetro,rmse,ASTGCN-r,5
BJMetro,rmse,GraphWaveNet,2
BJMetro,rmse,STSGCN-L,6
BJMetro,rmse,StemGNN,4
BJMetro,rmse,SyncG4,7
BJMetro,rmse,ASTGNN,3
BJMetro,rmse,CWT-TSI,1
BJMetro,mape,LSTM,8
BJMetro,mape,ASTGCN-r,7
BJMetro,mape,GraphWaveNet,2
BJMetro,mape,STSGCN-L,5
BJMetro,mape,StemGNN,4
BJMetro,mape,SyncG4,6
BJMetro,mape,ASTGNN,3
BJMetro,mape,CWT-TSI,1
